<?xml version="1.0" encoding="UTF-8"?>

<process name="TurnCardEntryAudit" xmlns="http://jbpm.org/4.4/jpdl">
   <start g="419,2,48,88" name="start">
      <transition g="-131,-22" name="to DataEntryPersonne" to="DataEntryPersonne"/>
   </start>
   <task assignee="zhangsan" g="357,110,170,54" name="DataEntryPersonne">
      <transition g="-164,-22" name="to BusinessManagerReview" to="BusinessManagerReview"/>
   </task>
   <task assignee="lisi" g="353,229,183,63" name="BusinessManagerReview">
      <transition name="to judgeLevel" to="judgeLevel" g="-92,-7"/>
   </task>
   <task assignee="wangwu" g="94,442,180,58" name="DistrictManagerReview">
      <transition g="-43,-22" name="to End" to="End"/>
   </task>
   <end g="159,559,48,48" name="End"/>
   <decision name="judgeLevel" g="421,342,48,48" expr="#{clientLevel eq '一级管理职位' ? 'to ProjectAudit' : 'to DistrictManagerReview'}">
      <transition name="to ProjectAudit" to="ProjectAudit" g="-91,-22"/>
      <transition name="to DistrictManagerReview" to="DistrictManagerReview" g="-154,-22"/>
   </decision>
   <task name="ProjectAudit" g="591,447,146,48" assignee="zhaoliu">
      <transition name="to DistrictManagerReview" to="DistrictManagerReview" g="-154,-22"/>
   </task>
</process>